coverage,threshold,n_test,n_ai_auto,pct_ai_auto,n_human_review,pct_human_review,error_rate_in_ai_auto,error_rate_in_human_review
0.1,0.0,250,0,0.0,250,1.0,,0.66
0.2,0.0,250,0,0.0,250,1.0,,0.66
0.3,0.0,250,0,0.0,250,1.0,,0.66
0.4,0.0,250,0,0.0,250,1.0,,0.66
0.5,0.0666666666666666,250,115,0.46,135,0.54,0.2608695652173913,1.0
0.6,0.0666666666666666,250,115,0.46,135,0.54,0.2608695652173913,1.0
0.7,0.0666666666666666,250,115,0.46,135,0.54,0.2608695652173913,1.0
0.8,0.3333333333333333,250,198,0.792,52,0.208,0.5707070707070707,1.0
0.9,0.6,250,218,0.872,32,0.128,0.6100917431192661,1.0
